{
    "fsms": [
        {
            "name": "B",
            "states": [
                "0",
                "1"
            ],
            "final_states": [
                ""
            ],
            "edges": [
                {
                    "source": "0",
                    "label": "b1",
                    "destination": "1",
                    "transition_link": []
                },
                {
                    "source": "1",
                    "label": "b2",
                    "destination": "0",
                    "transition_link": []
                },
                {
                    "source": "0",
                    "label": "b3",
                    "destination": "0",
                    "transition_link": []
                },
                {
                    "source": "1",
                    "label": "b4",
                    "destination": "1",
                    "transition_link": []
                },
                {
                    "source": "0",
                    "label": "b5",
                    "destination": "0",
                    "transition_link": []
                },
                {
                    "source": "1",
                    "label": "b6",
                    "destination": "1",
                    "transition_link": []
                },
                {
                    "source": "0",
                    "label": "b7",
                    "destination": "1",
                    "transition_link": []
                },
                {
                    "source": "1",
                    "label": "b8",
                    "destination": "0",
                    "transition_link": []
                }
            ]
        },
        {
            "name": "S",
            "states": [
                "0",
                "1"
            ],
            "final_states": [
                ""
            ],
            "edges": [
                {
                    "source": "0",
                    "label": "s1",
                    "destination": "1",
                    "transition_link": []
                },
                {
                    "source": "1",
                    "label": "s2",
                    "destination": "0",
                    "transition_link": []
                },
                {
                    "source": "0",
                    "label": "s3",
                    "destination": "0",
                    "transition_link": []
                },
                {
                    "source": "1",
                    "label": "s4",
                    "destination": "1",
                    "transition_link": []
                }
            ]
        }
    ],
    "links": [
        {
            "source": "S",
            "name": "L",
            "destination": "B",
            "state": "\u03f5"
        }
    ]
}