{
    "fsms": [
        {
            "name": "L",
            "states": [
                "0",
                "1"
            ],
            "final_states": [
                ""
            ],
            "edges": [
                {
                    "source": "0",
                    "label": "l1",
                    "destination": "1",
                    "transition_link": []
                },
                {
                    "source": "1",
                    "label": "l2",
                    "destination": "0",
                    "transition_link": []
                }
            ]
        },
        {
            "name": "P",
            "states": [
                "0",
                "1",
                "2",
                "3",
                "4",
                "5",
                "6",
                "7"
            ],
            "final_states": [
                "6",
                "7"
            ],
            "edges": [
                {
                    "source": "0",
                    "label": "p1",
                    "destination": "2",
                    "transition_link": []
                },
                {
                    "source": "0",
                    "label": "p2",
                    "destination": "3",
                    "transition_link": []
                },
                {
                    "source": "2",
                    "label": "p4",
                    "destination": "6",
                    "transition_link": []
                },
                {
                    "source": "3",
                    "label": "p6",
                    "destination": "7",
                    "transition_link": []
                },
                {
                    "source": "2",
                    "label": "p3",
                    "destination": "1",
                    "transition_link": []
                },
                {
                    "source": "3",
                    "label": "p5",
                    "destination": "1",
                    "transition_link": []
                },
                {
                    "source": "1",
                    "label": "p7",
                    "destination": "5",
                    "transition_link": []
                },
                {
                    "source": "1",
                    "label": "p8",
                    "destination": "4",
                    "transition_link": []
                },
                {
                    "source": "5",
                    "label": "p10",
                    "destination": "7",
                    "transition_link": []
                },
                {
                    "source": "5",
                    "label": "p12",
                    "destination": "0",
                    "transition_link": []
                },
                {
                    "source": "4",
                    "label": "p9",
                    "destination": "6",
                    "transition_link": []
                },
                {
                    "source": "4",
                    "label": "p11",
                    "destination": "0",
                    "transition_link": []
                }
            ]
        }
    ],
    "links": [
        {
            "source": "L",
            "name": "L1",
            "destination": "P",
            "state": "\u03f5"
        }
    ]
}